{
  "mAP": 0.7761191410831674,
  "per_query_ap": [
    0.38073108471106815,
    0.4458374453648481,
    0.48176186318923986,
    0.49435892538089393,
    0.48485293688995007,
    0.4806018586788185,
    0.42893138342993314,
    0.5104264968468317,
    0.4556651572866613,
    0.702315372951386,
    0.7337367359794301,
    0.731502385540436,
    0.7134153933488994,
    0.733833662430087,
    0.4654771230957209,
    0.41985782391534543,
    0.43921566805976975,
    0.4750939041723185,
    0.4568198726218861,
    0.4537641410620462,
    0.46690168929737785,
    0.45973814008347064,
    0.6881090246565389,
    0.7078551679250129,
    0.801040876887104,
    0.826615203606284,
    0.9246788674452352,
    0.943496912274199,
    0.9592776812877414,
    0.9643625099393828,
    0.958937955819343,
    0.9647329238622986,
    0.9666481321118938,
    0.9637447183527548,
    0.9654285354001162,
    0.9636458322061591,
    0.9714316532435624,
    0.969914122935664,
    0.9693559498229514,
    0.9623024239331941,
    0.9678298137300831,
    0.9682358165695207,
    0.9709835299313345,
    0.9685638428178165,
    0.9657174273957997,
    0.9677043388096802,
    0.9685189307393605,
    0.9694931229825451,
    0.9712418345543563,
    0.9671589993396318,
    0.9725160022964044,
    0.9732326595435141,
    0.9715187508644175,
    0.9727182800530049,
    0.9674579135587392,
    0.9702312507225388,
    0.9695340900704137,
    0.9656714822140199,
    0.9681790507780461,
    0.969903376092793,
    0.9708805996525003,
    0.9700663449149359,
    0.9630789930420143,
    0.9666812500368808,
    0.9715543124408862,
    0.9693874957325376,
    0.96762129931017,
    0.9688925006710205,
    0.9689419126149716,
    0.9678918888409411,
    0.9686046438278005,
    0.9644641512704164,
    0.9714377861411614,
    0.9702777163641995,
    0.9592019564450124,
    0.9656164569136381,
    0.959026044806234,
    0.9627692029160083,
    0.9547617716283783,
    0.9700174336269937,
    0.9570988430294275,
    0.9586827780906368,
    0.9591817936941726,
    0.9609400548691541,
    0.959745042991342,
    0.9466663992968444,
    0.9413782505986503,
    0.944263822858507,
    0.9352557217216475,
    0.8925559126925235,
    0.8956321296671843,
    0.1380754216060223,
    0.14299498830949325,
    0.14296333150833584,
    0.8604823266417884,
    0.809682138212731,
    0.7491054837912337,
    0.767517284773117,
    0.25479271769376444,
    0.2849053093589625,
    0.32072924954255255,
    0.7860915600127889,
    0.8023699052860592,
    0.7236353259696092,
    0.7798982682494926,
    0.8135545559838078,
    0.7426243220626512,
    0.7916468334147283,
    0.8137614904074124,
    0.8366965185930101,
    0.7900001147412222,
    0.76297098750514,
    0.8611897392105992,
    0.9187164412421716,
    0.9069196700892722,
    0.937543393888159,
    0.9506739119005844,
    0.9520618705905647,
    0.9553403073333415,
    0.9679354607454435,
    0.9583996697380421,
    0.9604178136625903,
    0.9646974791628652,
    0.9605478329465578,
    0.9639638287677591,
    0.9609161167012894,
    0.9434501161915209,
    0.956891900147806,
    0.9582709000943563,
    0.9027616444868899,
    0.8479413052814141,
    0.8794793820133044,
    0.7567243414538247,
    0.8051891498098902,
    0.7837083959086553,
    0.7570654017027315,
    0.6966933835208553,
    0.7039158754039782,
    0.744909821967069,
    0.7909999115575352,
    0.7174263110503085,
    0.7248247741436562,
    0.3634570062605628,
    0.39641644111001534,
    0.4217729564564934,
    0.4254150675901859,
    0.39857181049319645,
    0.381697984676775,
    0.6949915652644194,
    0.7427307009238678,
    0.7611262575893145,
    0.7040713764480344,
    0.711131954759047,
    0.7280397158374423,
    0.7238256038366377,
    0.2814861152921081,
    0.36929964687471983,
    0.4125071464124826,
    0.4508396268582083,
    0.4642830141244596,
    0.49694432748844397,
    0.46464031985871385,
    0.43594183151737254,
    0.4773057357173535,
    0.5037746636949557,
    0.40477266224346564,
    0.5023933411907464,
    0.37710967772994763,
    0.3392742357876008,
    0.703868590593127,
    0.6944302558172291,
    0.6931257766585138,
    0.6811485733321204,
    0.6883246590030248,
    0.6705607937800278,
    0.6840911853643724,
    0.7125433024876195,
    0.7626488349641525,
    0.8264410840186162,
    0.9361046946871063,
    0.8765760221213454,
    0.8868011958620279,
    0.9412473866694764,
    0.9641524450791837,
    0.9681824103440831,
    0.9694236034803989,
    0.9681891419983664,
    0.971328781221832,
    0.9646562278964241,
    0.9701828011485734,
    0.9709426319364576,
    0.96696777907467,
    0.968853228627557,
    0.9696006138621274,
    0.9701536646944199,
    0.9717537637836561,
    0.9725102396390012,
    0.9666737598159121,
    0.9675708884761901,
    0.9680522726119623,
    0.9691030781206392,
    0.9560887731170726,
    0.9576003512374563,
    0.9565653387757518,
    0.9513270308477499,
    0.9562759349255162,
    0.9572815181671775,
    0.9605356157476667,
    0.9566203859579276,
    0.9534562166289052,
    0.9551147186242477,
    0.9622780612728339,
    0.9611636672949574,
    0.965665048343968,
    0.9700052609402278,
    0.9700230596911408,
    0.9693052245148656,
    0.968923655385582,
    0.9710985753118577,
    0.971610076658492,
    0.9710631467989672,
    0.9709094190086499,
    0.9679402868397461,
    0.9669616267653572,
    0.9712017748975048,
    0.967506125721846,
    0.9690727006129923,
    0.9638274806062598,
    0.9548424847373549,
    0.9487790280405226,
    0.9390461348619958,
    0.9273882322347361,
    0.9450752544099215,
    0.9248323207441645,
    0.9419749117516304,
    0.9133747870396836,
    0.7074709800864115,
    0.7122130234777063,
    0.7398794755951825,
    0.7287888374792308,
    0.730413666800685,
    0.726163680590484,
    0.7168393352326196,
    0.7151100391436024,
    0.7202842324495256,
    0.7033048558246657,
    0.7002802399626441,
    0.7053115533565752,
    0.6937552739097634,
    0.705124161939403,
    0.7005941188129202,
    0.70239351242443,
    0.6867997360706891,
    0.6949503746236814,
    0.691698485972076,
    0.6990547344370937,
    0.7022373233356143,
    0.7099123395491688,
    0.6958627327234856,
    0.6718182197821363,
    0.6705563425876857,
    0.4348107423024432,
    0.43650280183490725,
    0.4687402063849357,
    0.4746505182779087,
    0.4852532950886513,
    0.459577451082759,
    0.4762491150638542,
    0.48613884316631517,
    0.44748553782223355,
    0.48995012616821537,
    0.4644892877445579,
    0.4663842786991613,
    0.4857536056555356,
    0.4775926965169478,
    0.4320777415155243,
    0.674252785787538,
    0.6742939699613966,
    0.6833759334172503,
    0.6984279186783966,
    0.6818586418566608,
    0.6855542335573319,
    0.38206905058643903,
    0.3937469825017066,
    0.4095063787599639,
    0.4043494219643714,
    0.6845117641966546,
    0.6946747170841439,
    0.6865623224162188,
    0.6876731973246784,
    0.6858567977016716,
    0.6780711359990452,
    0.6826665173096442,
    0.6777130190259867,
    0.4345754811256477,
    0.4776016058485089,
    0.4699106098478397,
    0.48733868304873285,
    0.4873209471253048,
    0.4739455720567313,
    0.4739623793179876,
    0.46645452611695654,
    0.4178836568400758,
    0.4028693694727986,
    0.6757201457546061,
    0.6815637247725959,
    0.6823428920700486,
    0.41215136740883623,
    0.4136970077052258,
    0.4044493687896498,
    0.40806186688928864,
    0.6858264074917664,
    0.6809069540010707,
    0.6910339331524252,
    0.7002678160053017,
    0.6916926751816399,
    0.6877767228955071,
    0.6896185017641565,
    0.38672884760176884,
    0.4020027238610857,
    0.3940500884106272,
    0.39987177932934936,
    0.395176371989771,
    0.6935613874270348,
    0.6888879820196607,
    0.690562325785197,
    0.7114493537468292,
    0.6737097006840157,
    0.6858895404887613,
    0.715613596710985,
    0.6847032887012302,
