{
  "topk_ssim": {
    "1": 0.9518040248965415,
    "5": 0.9417385160478147,
    "10": 0.9349634142421434
  }
}