{
  "mAP": 0.7498031523254103,
  "per_query_ap": [
    0.2583680299986152,
    0.2756840298055842,
    0.25889346133859376,
    0.32425645907932504,
    0.29389199321387305,
    0.379908654020296,
    0.28092975860753056,
    0.38714386628580927,
    0.3121991794351188,
    0.7632670611507449,
    0.8078711116562501,
    0.7228096472251292,
    0.7021007663109499,
    0.761362829018167,
    0.38469383216251846,
    0.29928547026075697,
    0.3512690874195798,
    0.3758107712662681,
    0.31514318915830447,
    0.29486615176315767,
    0.30992121943755413,
    0.3489844204829027,
    0.7517263123686602,
    0.783337311718459,
    0.744685661220834,
    0.768368096235079,
    0.8684819920828457,
    0.9043847734760216,
    0.9163504142267123,
    0.9403870620058207,
    0.9379051990019952,
    0.9419965043998589,
    0.940466507043728,
    0.9487863902451669,
    0.9439379124992191,
    0.9439664432327279,
    0.9393659458395115,
    0.9483675232612617,
    0.9445204702995637,
    0.9382544201430872,
    0.9335925077052137,
    0.9382388752398308,
    0.941715284787105,
    0.9452254192427751,
    0.9442393354934061,
    0.9470351904357207,
    0.9462772324333122,
    0.9432033015874852,
    0.9403219764803376,
    0.9471468553452752,
    0.9504023780131471,
    0.9454484179492785,
    0.9473069654668126,
    0.9475183419875736,
    0.9513220282879289,
    0.9486810835761998,
    0.9483218509599267,
    0.9466520475635545,
    0.9497367262073578,
    0.9449965551177206,
    0.9485342032087817,
    0.9500038212141585,
    0.9522005206653291,
    0.9458956991745521,
    0.9466614943400267,
    0.9389919533246573,
    0.9411694756376686,
    0.9413883390191462,
    0.9457186515650986,
    0.9459371442750569,
    0.9487608698490542,
    0.9341587268391536,
    0.9469015169917363,
    0.9226571762499841,
    0.9386183366908123,
    0.9352846751032016,
    0.9255003617834004,
    0.9367228386249438,
    0.9096260547754933,
    0.9067813876569396,
    0.8441683857485484,
    0.8898386175147434,
    0.8893035244064748,
    0.8514721420225226,
    0.932811700007479,
    0.8550774034766607,
    0.9004500694814502,
    0.9070907346305817,
    0.8986056804264105,
    0.8725811378383399,
    0.8532204673953986,
    0.1756156263173865,
    0.16289987612546494,
    0.15239810178667873,
    0.8393742118100646,
    0.8293712006575245,
    0.7708970167134641,
    0.7446568230035682,
    0.23498749378080344,
    0.27841903434695964,
    0.24587111479391666,
    0.7837572347058099,
    0.7851422182376301,
    0.7348896775089153,
    0.7469803309139065,
    0.7568676085510868,
    0.7471798215650851,
    0.7921142143145194,
    0.810997480652254,
    0.7884274619164432,
    0.7350565307461961,
    0.7477989966716959,
    0.7702500929515699,
    0.8682617659673221,
    0.8229793929915779,
    0.8441914039194099,
    0.8497388980360734,
    0.896333438951667,
    0.897743791360325,
    0.872768361647496,
    0.8797038150196277,
    0.8926787177975988,
    0.8910441849459345,
    0.9010642819275675,
    0.922935068250346,
    0.9084384852372678,
    0.8087603405149751,
    0.9053379124833387,
    0.9061886070187974,
    0.8014720615193861,
    0.7911215798916498,
    0.8676694020217873,
    0.7820838256498078,
    0.7978307938420701,
    0.805778749455212,
    0.7455007747151893,
    0.7035175952815504,
    0.7597802717138328,
    0.7695175842775976,
    0.765218031788393,
    0.7604936976832699,
    0.7305340254211629,
    0.2929671701976593,
    0.30492105470753644,
    0.34532404818126694,
    0.35883795327614265,
    0.285119853978151,
    0.3165416467927485,
    0.7204833996432068,
    0.7428358619722567,
    0.769775798442729,
    0.7393510867304504,
    0.8223187133876079,
    0.8057408877676147,
    0.76433312710167,
    0.3103014770844134,
    0.2746266547438418,
    0.3777779065825546,
    0.3515752891787541,
    0.32693880415676224,
    0.3641932001126007,
    0.26624243442234274,
    0.29758210245612676,
    0.3249772009673095,
    0.3630175553284469,
    0.3536340095940768,
    0.3617269803739263,
    0.3317380209758106,
    0.28784171041303613,
    0.743911476962929,
    0.7169881815058508,
    0.6780507961957256,
    0.7126041108779227,
    0.6831508536693613,
    0.6844498283587845,
    0.6848054228692333,
    0.7159791928624589,
    0.744882236437583,
    0.8079665207008855,
    0.7742339849781049,
    0.7750690653409968,
    0.7717780041605928,
    0.8492899023285521,
    0.9170508603324016,
    0.9362103347435523,
    0.9459562029606494,
    0.9438720592525633,
    0.9466365497196271,
    0.9457994608039587,
    0.9396589695971616,
    0.9395671720638189,
    0.9504277868764074,
    0.9453518103437176,
    0.9435697987643387,
    0.9490473886736961,
    0.9522605655203472,
    0.9466417324987061,
    0.9455135396068796,
    0.9497508974647216,
    0.9425018833751863,
    0.9503042380397676,
    0.9065647350149406,
    0.9425763304407354,
    0.8955252676460616,
    0.8579518842735121,
    0.8721323932358818,
    0.8617316150441601,
    0.8141545896041142,
    0.8451106953534937,
    0.8412519852902015,
    0.8840510510105376,
    0.9217175081992941,
    0.9261272047603221,
    0.9334266097663637,
    0.9459049052995507,
    0.9453824975149095,
    0.950074765177645,
    0.9474612859415911,
    0.9463999677823832,
    0.9410649861068399,
    0.9373385746942368,
    0.9447905661287077,
    0.9460855064817679,
    0.9363535205660655,
    0.9491720923922069,
    0.9406265064342162,
    0.9464690212586961,
    0.9488927870093914,
    0.939656414756047,
    0.919367084643359,
    0.8189857882269753,
    0.7421711488689939,
    0.8535708182062623,
    0.8208548664797178,
    0.8667429691617369,
    0.810166525150579,
    0.7050126998692466,
    0.7309615129981818,
    0.7102459049648803,
    0.7117394956207962,
    0.7046830456758534,
    0.7190325675347258,
    0.7107835115566898,
    0.7117251523895304,
    0.737499940646972,
    0.7308511987752537,
    0.7189345388017224,
    0.6987636312859318,
    0.7149399367061304,
    0.7217091893025714,
    0.7002010643126292,
    0.6746298447675576,
    0.6875464609241198,
    0.6895568495180109,
    0.6930222778605939,
    0.6893907526150251,
    0.6900412709686298,
    0.6918969552367057,
    0.6889585516612413,
    0.685888211794102,
    0.6855558719407446,
    0.41588451187409264,
    0.3743911282362389,
    0.40542283974078347,
    0.4242322808128103,
    0.4641966796103677,
    0.43278878705072626,
    0.46092521897562017,
    0.4944276696050078,
    0.46101134034729435,
    0.45841774445336964,
    0.4645994213705654,
    0.4703959856676073,
    0.4761949199610068,
    0.5000836105355378,
    0.4489941507950309,
    0.6654998221702119,
    0.6737693592691651,
    0.672320019248198,
    0.6684797943785274,
    0.6660464819764588,
    0.679973671798218,
    0.3897927404371046,
    0.4194947008082963,
    0.44180474336761694,
    0.42532694023111717,
    0.683588539174355,
    0.682405299834939,
    0.6823270164595966,
    0.6840215371546635,
    0.6919925545797346,
    0.6783792680596712,
    0.688006820818228,
    0.6878877915058812,
    0.442150968431408,
    0.4382893431168648,
    0.475901469207409,
    0.484157472603936,
    0.49442379240785933,
    0.4959918425534631,
    0.4788425781704894,
    0.4540920709606719,
    0.45697803037900436,
    0.4656082425231771,
    0.6673008726558605,
    0.6680105587684784,
    0.6742004469486127,
    0.43298834795587854,
    0.45223828054512333,
    0.43291466030321774,
    0.4281225221200419,
    0.6744333627117193,
    0.6811679393535242,
    0.6903299978453282,
    0.6817535229919173,
    0.6777784950961976,
    0.6785440690815797,
    0.6748717749317881,
    0.4158487457010905,
    0.4228405521160465,
    0.39782816579203656,
    0.3951399430952266,
    0.40991808607307045,
    0.679737005927233,
    0.6866462792377717,
    0.6852493753500417,
    0.6876806262059271,
    0.693161025240801,
    0.6898462912306546,
    0.7166936435774156,
    0.7247568321625398,
